specObjID,ra,dec,z,class
7919679010903879680,1.91320889939561E-05,-4.7607999,0.1591754,GALAXY
7333217925115604992,9.09079089979059E-05,24.902252,0.5558272,GALAXY
8047035168039038976,0.000345593289978297,-6.4919398,0.5141189,GALAXY
6960408435708588032,0.000462515409992648,10.241074,0.6543282,GALAXY
8044630261113745408,0.000558728639987294,34.985602,0.1463462,GALAXY
1228390107279550464,0.000686,-0.185726,0.1950547,GALAXY
6960495572005089280,0.000721402890007994,11.343976,0.4427661,GALAXY
435847538810054656,0.00072382504,1.0463218,0.003555052,STAR
7330979594269028352,0.000767924839976786,28.42662,-0.0006485041,STAR
6988494086672674816,0.000876752370004397,16.464624,0.4740972,GALAXY
2961213859492292608,0.000881,-4.815633,-0.0001042796,STAR
7330777284129517568,0.000930680969986497,27.964817,-6.538032E-05,STAR
3177388291913705472,0.0011715891,25.184726,-0.00374704,STAR
8046850724963479552,0.00120697210002163,-7.5152265,-0.0005562551,STAR
4815712862843105280,0.00123000000002094,4.7958211,0.732221,GALAXY
6988692548521488384,0.00141626769999448,18.492306,0.6298078,GALAXY
6898649968497324032,0.00152269279999473,20.219107,-0.0002588734,GALAXY
4746985963917078528,0.00171975659998225,0.55917857,0.6112401,GALAXY
731885278058276864,0.0017501013,-10.3738,0.2040066,GALAXY
6960410909609750528,0.00175372090001247,10.719956,0.5407991,GALAXY
4970969407695810560,0.00180851980002217,4.4573337,0.6959853,GALAXY
4970993871829528576,0.00182924370000137,5.690293,0.5238162,GALAXY
4746877662021742592,0.00184904129997676,-0.39173705,0.4716676,QSO
6950325365131374592,0.00189998550001746,17.773738,2.309097,QSO
6988503707399417856,0.00191901890002555,17.802474,-1.665413E-05,STAR
4746879311289184256,0.00197962840002219,-0.45108294,0.2499515,QSO
2676429622022872064,0.00200000000000955,57.560802,-0.000132069,STAR
4837033767577776128,0.00200454899999158,2.3197873,0.4281664,GALAXY
8046846876672782336,0.00219009120002056,-7.9577639,0.2186493,GALAXY
8043501062621687808,0.0023171166000111,32.70309,0.1727387,GALAXY
7330756943164403712,0.0025280846999749,26.689393,-0.0009923717,STAR
8047039291207643136,0.00262020659999962,-7.0935796,0.4792278,GALAXY
1732892772035225600,0.00269,0.69933498,0.08071315,GALAXY
6954847382081826816,0.00275240730002224,14.974676,2.497941,QSO
4746996959033356288,0.0027653290999865,0.34803005,0.5117421,GALAXY
1676603000178632704,0.002802,0.720986,-5.595884E-05,STAR
7341996975606919168,0.00304390730002524,22.654327,0.6871526,GALAXY
8069533375469907968,0.00307245030001013,-8.8975851,0.5231316,GALAXY
731960869482686464,0.0030878045,-9.2222982,0.1338061,GALAXY
5106139244532527104,0.0036707442000079,8.241481,0.5777113,GALAXY
4836965322978947072,0.00378062060002549,1.28156,0.2506289,GALAXY
7333031832772603904,0.00379346279999027,23.171313,0.5264699,GALAXY
4836976867851038720,0.00404502869997714,1.4045068,0.6538087,GALAXY
4970975729887670272,0.0040497586999777,4.8297822,1.618846,QSO
5106145841602293760,0.00417298529998789,7.5343887,6.413161,QSO
3179608206947149824,0.0042806775,27.757847,1.887028,QSO
1732894146424760320,0.0042829998,0.75532597,0.08157199,GALAXY
731891875128043520,0.0042948006,-10.946669,0.1674588,GALAXY
8044629711357931520,0.00430632460000879,34.93537,0.1363373,GALAXY
1228490987471398912,0.004314,0.5413,0.0956312,GALAXY
7919683958706204672,0.00433496710002146,-5.8101648,0.1220239,GALAXY
4902262025235394560,0.00446989109997276,-2.6611054,0.4598116,GALAXY
6911901281259548672,0.00447767299999668,15.333157,-0.000607645,STAR
7330759417065566208,0.00458546160001561,26.978788,0.5226532,GALAXY
6954849581105082368,0.0046710925000184,14.666743,0.4944351,GALAXY
4746982940260102144,0.00473840000000791,0.70895863,0.6520602,GALAXY
4902260101090045952,0.00502235170000631,-3.0148623,0.5089889,GALAXY
6879285369792819200,0.00512840760001154,20.442662,0.07288966,GALAXY
4837032668066148352,0.0051344871000083,2.5237351,0.6443288,GALAXY
1732802612081747968,0.0053090001,-0.27087399,0.1800001,GALAXY
4902354659090034688,0.00531669460002604,-2.0332723,1.360358,QSO
845634705565968384,0.0053559968,15.077969,-9.347792E-05,STAR
8032331124028665856,0.00545514489999732,31.19724,0.8689228,GALAXY
8047036542428573696,0.00547217730002103,-6.5205529,0.3193189,GALAXY
5106143917456945152,0.00548880449997569,7.6736507,0.6392916,GALAXY
7745187889545932800,0.00552870080002776,21.711852,0.5058865,GALAXY
7330764364867891200,0.00553317380001772,27.908285,-0.0001734567,STAR
6954847656959733760,0.00555174490000354,14.917588,-0.001073415,STAR
4815713962354733056,0.00562000000002172,4.6915799,0.5772949,GALAXY
4902345862997012480,0.00575410260000808,-1.3250127,2.332655,QSO
3155999491866257408,0.0057779964,29.086419,0.7719672,GALAXY
3156024780633696256,0.0057834723,28.529505,1.203252,QSO
844559382925568000,0.005787621,15.509806,0.1750241,GALAXY
8047038741451829248,0.00586221660000774,-6.8651385,1.865202,QSO
5106043312143003648,0.00587339570000722,6.6196002,0.5946656,GALAXY
6879272175653285888,0.00591159139997899,20.012263,3.088839,QSO
1676587607015843840,0.005955,1.140952,-0.00015012,STAR
6950313270503469056,0.00608021680000093,17.24761,0.3515411,GALAXY
4837029644409171968,0.0063514848000068,2.95542,0.422895,GALAXY
435774421286807552,0.0064728774,-0.09259279,0.07813291,GALAXY
7333031283016790016,0.00650702090001687,23.330584,0.3835568,GALAXY
731969665575708672,0.0065468072,-9.4945299,0.1904697,GALAXY
7333029083993534464,0.00658971199999314,24.272809,-0.0002702979,STAR
6879286744182353920,0.00679525169999806,20.505394,1.490866,QSO
7316146358196039680,0.00682730699998046,30.519361,2.373299,QSO
8046853473742548992,0.00685764579998249,-8.3856469,0.1015665,GALAXY
1732895795692201984,0.0072570001,0.73145503,0.0814369,GALAXY
8046850175207665664,0.00735938660000102,-7.4859266,2.542303,QSO
6946961409339748352,0.00736736509998082,19.547276,0.09049753,GALAXY
6960498870539972608,0.00748019949998024,10.928594,0.6501217,GALAXY
844469497849997312,0.0075358492,14.454901,0.7078217,GALAXY
3179624424743659520,0.007551,27.205124,-5.802534E-05,STAR
6954850955494617088,0.00755810020001491,14.197389,3.711993,QSO
4746991186597310464,0.00757981189997281,0.74049727,0.5550893,GALAXY
4902262300113301504,0.00762155410001242,-2.8413353,0.6773351,QSO
4836977142728945664,0.00772004330002574,0.71926798,0.08213079,GALAXY
6954791306988810240,0.00772550009997985,14.024503,0.4803031,GALAXY
771282979711379456,0.0078329063,-0.34635792,-0.0002152527,STAR
1676511465835620352,0.007834,-0.724514,9.288509E-05,STAR
1732800413058492416,0.007886,-0.16345701,0.1257808,GALAXY
4746879861044998144,0.00806796950001853,-0.24097445,2.164559,QSO
3179629372545984512,0.0080947326,27.226535,-0.004019312,STAR
7919756526473637888,0.00817494199998237,-4.0487045,0.2945228,GALAXY
844550311954638848,0.0083286187,15.697181,0.08340041,GALAXY
8046852374230921216,0.00834351359998209,-8.3212656,0.3365318,GALAXY
3177385818012542976,0.008395,25.516998,-0.000139766,STAR
7333033482040045568,0.0085334798999952,23.502311,1.831323,QSO
7316156253800689664,0.00854718239997965,31.281041,0.5050442,GALAXY
8044620365509095424,0.00855479109998214,34.678682,1.576134,QSO
7918723810194026496,0.00865868940002201,-4.2554089,0.6740801,GALAXY
844551136588359680,0.0087588679,15.881756,0.02001684,GALAXY
6960496396638810112,0.00880992330002073,11.099251,0.3423344,GALAXY
6949162632105095168,0.00897712220000813,15.254641,1.710103,QSO
1676489750480971776,0.008978,-0.914498,0.191224,GALAXY
731967191674546176,0.0089809367,-9.5269541,0.4660518,GALAXY
7316145533562318848,0.00902436349997515,30.727865,-0.0001270706,STAR
6925427749407092736,0.0090446780000093,12.402366,0.3459142,GALAXY
3177368775582312448,0.009062,24.152489,-0.001216989,STAR
8044771823235821568,0.00914496730001702,36.105931,0.4911413,GALAXY
6960492548348112896,0.00918954659999827,11.696831,2.543471,QSO
7742965501752176640,0.00935119439998289,27.37427,-0.0005825527,STAR
6988698046079627264,0.00944852380001748,18.866224,0.5031282,GALAXY
435858533926332416,0.0094698525,0.62754517,0.248428,GALAXY
4970979028422553600,0.00957345739999482,5.2882663,0.169365,GALAXY
5106040563363934208,0.00963576660001308,6.2034984,0.5460415,GALAXY
6946934196426960896,0.0097076710999886,19.247789,0.2076445,QSO
4837027170508009472,0.00972751429998198,3.2421246,0.5345696,GALAXY
7745179368330817536,0.00981916120002779,22.110545,2.651057,QSO
7333043652522602496,0.0099009035999984,24.197418,0.4667767,GALAXY
7919761474275962880,0.00993816769999967,-4.4678015,0.1020581,GALAXY
8047037641940201472,0.00995968379999113,-6.3606239,0.2731011,GALAXY
8043492541406572544,0.00996514420000949,32.271345,0.5617566,GALAXY
845638828734572544,0.010059702,14.821971,0.1568754,GALAXY
7919761199398055936,0.0100647660000277,-4.6481475,0.5529764,GALAXY
2954450764359034880,0.010127,-3.841328,-0.0001610665,STAR
5106056231404630016,0.0102725209999903,6.9268023,0.3408508,GALAXY
4815515500505919488,0.0103599999999915,3.423548,0.6192303,GALAXY
8032285219418206208,0.0103892569999857,29.299551,0.6589873,GALAXY
7742944611031248896,0.0104175309999732,26.13937,0.3202252,GALAXY
844558833169754112,0.010741462,15.041193,0.1481263,GALAXY
4959593860780716032,0.0107499999999732,5.5539737,0.51323,GALAXY
6898653816788021248,0.0108303729999761,20.052341,0.2794614,GALAXY
3156028354046486528,0.010840777,28.407894,1.224334,QSO
4902356033479569408,0.0108643400000119,-1.2899676,0.4922195,GALAXY
2676426048610081792,0.0110000000000241,57.052319,-0.0001706184,STAR
6898655466055462912,0.0110061849999852,19.83073,0.3050174,GALAXY
1732800138180585472,0.011067,-0.40198001,0.1399817,GALAXY
3179653286923888640,0.011138,28.634545,-0.0002078181,STAR
4815507529046618112,0.0111499999999864,2.5100352,0.2669858,GALAXY
7745181292476166144,0.0111754580000252,22.342851,0.6363044,GALAXY
8032331948662386688,0.0112639999999828,31.042071,0.4780163,GALAXY
6950309697090678784,0.0114184760000171,17.413001,0.5649827,GALAXY
6898655191177555968,0.0116687600000205,19.869947,0.4753968,GALAXY
7333043102766788608,0.0116809859999876,24.097007,0.5012634,GALAXY
6960495297127182336,0.0116861299999869,11.277887,4.010692,QSO
844472796384880640,0.011762106,14.715548,0.06258312,GALAXY
7330763265356263424,0.0118490130000168,27.594665,0.4599418,GALAXY
8046848525940224000,0.0118553249999991,-7.8050478,0.8834394,GALAXY
7337764406032003072,0.0118565299999887,26.36463,0.5530715,GALAXY
6879491528223027200,0.0118776819999766,21.560038,0.2812466,GALAXY
8069405282365272064,0.0118825729999799,-10.632287,0.2975339,GALAXY
8043637402063532032,0.012020514000028,34.105223,0.1423635,GALAXY
3156029178680207360,0.012103,28.495568,-0.0001636879,STAR
8043494465551921152,0.0121766760000241,32.486877,0.1480358,QSO
6946954812269981696,0.0122000939999793,20.505949,0.379559,GALAXY
6954845183058571264,0.0122320219999779,15.227382,0.6325236,GALAXY
771370940641601536,0.012351229,0.71799316,0.08243899,GALAXY
6911908702963036160,0.0124010089999729,15.942756,0.5948514,GALAXY
7745215102458720256,0.0125701430000049,23.790475,0.5733939,QSO
7316140036004179968,0.0125846430000252,30.79893,-0.000685108,STAR
6954853429395779584,0.0127297469999803,14.252732,0.5855683,GALAXY
7919751303793405952,0.0127564430000007,-3.5457799,0.5973175,GALAXY
3177374548018358272,0.01281,24.650278,-0.00106323,STAR
4902354933967941632,0.0128369600000156,-2.231727,0.5024324,GALAXY
1228494286006282240,0.013128,0.35925,2.523268E-05,STAR
4836966147612667904,0.0132383470000264,1.2529646,2.354148,QSO
6949226128901599232,0.0132682839999916,17.042771,0.4863657,GALAXY
7745180742720352256,0.0133776380000086,22.202565,0.5219598,GALAXY
6954848756471361536,0.0133962799999949,14.87289,5.874615E-05,STAR
7745224723185463296,0.0134274750000145,22.861663,0.5170045,GALAXY
771305244821841920,0.013429198,-1.1130411,0.02177868,GALAXY
6926550349084553216,0.0134515880000095,8.2870543,0.489089,GALAXY
7745182391987793920,0.0135919800000011,22.379801,0.6882237,GALAXY
6960498045906251776,0.0136731640000107,10.962391,1.833563,QSO
3179651087900633088,0.013678183,28.958817,0.7034287,GALAXY
3179654936191330304,0.013693,28.363382,-0.001070148,STAR
6960406511563239424,0.0137408389999791,10.12816,0.3770947,GALAXY
8047035442916945920,0.0137429750000138,-6.2948511,0.2515358,GALAXY
7316157353312317440,0.0137723700000265,31.231752,0.529474,GALAXY
4970977379155111936,0.0138639209999951,5.0069644,0.357818,GALAXY
731892974639671296,0.013896299,-10.721102,0.08281697,GALAXY
4970978203788832768,0.013907818000007,5.3605882,0.5654761,GALAXY
6946931997403705344,0.0141572509999719,18.776231,0.5854706,GALAXY
8047034618283225088,0.0142095850000032,-6.2631399,0.5803407,GALAXY
6960491173958578176,0.0142427659999953,11.875696,0.0002291874,STAR
3179607657191335936,0.014282423,27.790883,1.086412,QSO
4815712587965198336,0.0143800000000169,5.037233,0.530818,GALAXY
6949224204756250624,0.0144151920000013,16.048237,2.906448,QSO
844450256396511232,0.014434598,14.198225,0.1145558,GALAXY
1732904866663131136,0.014618,0.90212202,0.08032745,GALAXY
1676604649446074368,0.014674,0.550871,-9.295115E-05,STAR
8032333323051921408,0.0147129759999984,30.570385,2.164761,QSO
7745195036371513344,0.0147280940000201,22.564657,0.5402466,GALAXY
6960409810098122752,0.0148555960000181,10.513798,0.5960366,GALAXY
2676432370801941504,0.0149999999999864,57.370019,0.6883054,GALAXY
7745179918086631424,0.0150077829999873,21.969694,0.3972428,GALAXY
8047040115841363968,0.0150742889999833,-7.112804,0.651931,GALAXY
5106057880672071680,0.0151166140000214,6.9927028,0.423926,GALAXY
3153722677542283264,0.015157,24.8783,-0.000374313,STAR
7330976845489958912,0.0151603439999803,28.634135,0.1419095,GALAXY
7745221974406393856,0.0151661759999797,23.160365,0.5243575,GALAXY
6879494002124189696,0.01528745600001,21.530017,0.4828157,GALAXY
7337761382375026688,0.0155065110000123,26.667752,0.2531103,GALAXY
7745221424650579968,0.0157621559999939,23.229853,0.3841489,GALAXY
4746887282748485632,0.0158878469999877,-1.0315042,0.6875095,GALAXY
5106042487509282816,0.0159523560000139,6.1797939,2.271441,QSO
844561581948823552,0.016064368,14.997595,9.909705E-05,STAR
3155962108470913024,0.016075,28.14609,-3.871727E-05,STAR
6912162415271145472,0.0161653870000009,16.193498,0.3851231,GALAXY
6950325640009281536,0.0162400130000151,17.853403,0.6800841,GALAXY
5104964141530673152,0.0162743970000179,8.7369743,0.4094786,GALAXY
2961202039742294016,0.016285,-5.145326,0.000116951,STAR
1676606298713516032,0.016296,0.281558,0.4521258,GALAXY
1676490025358878720,0.016393,-0.855637,-6.604275E-05,STAR
7742968800287059968,0.0164346579999801,26.612682,2.180127,QSO
6960408710586494976,0.0165347280000105,10.488383,0.5062384,GALAXY
3156026429901137920,0.016585,28.753293,-0.0001672439,STAR
7742945435664969728,0.0166151000000241,26.279124,0.07329106,GALAXY
6954861950610894848,0.0167537429999811,14.647112,2.526897,QSO
6950306673433702400,0.0167593900000043,16.868154,0.4333734,GALAXY
8069528977423396864,0.0168694860000187,-8.5035151,0.545343,GALAXY
1676491674626320384,0.016988,-0.809229,0.4324627,GALAXY
6926810108706615296,0.0170193110000127,9.5687499,0.3917202,GALAXY
6949225854023692288,0.0170520679999981,17.297753,-0.0003453236,STAR
3179618102551799808,0.017077,27.309014,-0.000174081,STAR
4746874088608952320,0.0171884050000131,-0.73215377,0.5672297,GALAXY
435857709292611584,0.017217332,0.75217437,0.206579,GALAXY
1676513939736782848,0.017245,-0.651284,0.1346068,GALAXY
6926806260415918080,0.0173915679999936,9.4141795,0.6482878,QSO
4837034867089403904,0.0174280049999993,2.3279962,0.6443266,GALAXY
731957570947803136,0.017449013,-8.734183,0.08492345,GALAXY
4746880960556625920,0.0175375379999991,0.02292793,0.3307804,GALAXY
6879493727246282752,0.0175838970000086,21.356631,1.626774,QSO
4902264224258650112,0.0179938989999755,-2.6381552,0.3987366,GALAXY
8069528427667582976,0.0179983310000011,-8.5616212,0.5212533,GALAXY
8069525129132699648,0.0180870799999866,-9.1890184,0.6028469,GALAXY
6898401203991539712,0.0183592660000045,18.465735,0.6094206,GALAXY
3153740544606234624,0.018483,25.272345,-0.0001743064,STAR
1228395055081875456,0.0185,-0.08336,0.02376629,GALAXY
8032330574272851968,0.0186155129999861,30.699274,0.0511887,GALAXY
7745195586127327232,0.0186407179999719,22.694423,0.6620634,GALAXY
7918458827891732480,0.0188004639999804,-5.0552878,0.7396975,GALAXY
6960404862295797760,0.0188281009999969,10.088487,0.5913532,GALAXY
6879497850414886912,0.0188533109999867,22.076913,0.4751133,GALAXY
5106138419898806272,0.0188564480000082,8.6986148,0.6377648,GALAXY
4746881785190346752,0.0188778680000041,-0.6047935,0.5642247,GALAXY
2961191044626016256,0.018918,-4.896259,0,GALAXY
731893249517578240,0.01916986,-10.976324,0.1502055,GALAXY
731957845825710080,0.019198135,-8.9437961,0.02708519,GALAXY
4815720284546592768,0.0192200000000184,3.8562326,2.794866,QSO
6949222555488808960,0.0193471079999767,16.311929,0.4550028,GALAXY
8043502711889129472,0.0193679010000096,32.78677,0.1079337,GALAXY
4902362080793522176,0.0194734390000235,-1.9739827,0.5710615,GALAXY
2961211385591130112,0.019605,-4.160851,-6.187303E-05,STAR
435845889542612992,0.01979171,0.78170108,0.08038615,GALAXY
6926539903724089344,0.0198101080000015,8.7042404,0.5355478,GALAXY
7330981518414376960,0.0198765330000015,28.265213,0.4635431,GALAXY
1732894696180574208,0.020032,0.70725101,0.08255777,GALAXY
6926549249572925440,0.0201184790000184,8.2444041,0.4807095,GALAXY
6926541827869437952,0.0201989669999989,8.9509853,0.3078573,GALAXY
4971000468899295232,0.0202242810000257,6.3010438,2.384076,QSO
1676588981405378560,0.020501,0.835504,4.464366E-05,STAR
4746993935376379904,0.0205601580000234,0.59361511,0.5272085,GALAXY
3155968980418586624,0.020675,27.22661,-0.000113751,STAR
7333046401301671936,0.0206815509999956,24.567586,0.486405,GALAXY
4746877112265928704,0.0206976989999816,-0.27834673,2.879372,QSO
6879276298821890048,0.0207879690000254,20.703268,0.2939906,GALAXY
4746874363486859264,0.0209319410000148,-0.64139747,2.661875,QSO
844558008536033280,0.020953406,15.157237,0.004036344,STAR
8069404457731551232,0.0212802130000114,-10.813916,2.714655,QSO
4902258176944697344,0.0212888049999833,-3.0376519,0.6295325,GALAXY
6946961134461841408,0.0213641099999791,19.478504,0.5964682,GALAXY
1732904591785224192,0.021381,1.227814,0.1616413,GALAXY
6926542652503158784,0.0213897230000271,8.6278115,2.001412,QSO
3179648613999470592,0.021501,29.127031,-0.0008805803,STAR
731960319726872576,0.02154705,-9.2179573,0.1343914,GALAXY
6954789382843461632,0.0216213960000005,13.707661,3.009077,QSO
1732801512570120192,0.021726999,0.146965,0.2089721,GALAXY
6960405961807425536,0.0218755280000096,10.0084,0.4853477,GALAXY
4959860492350451712,0.0218899999999849,5.8792152,0.5262928,GALAXY
4746987063428706304,0.0219236479999836,1.2170109,0.5222375,GALAXY
6950327839032537088,0.021985653999991,17.930937,0.5834929,GALAXY
3156026155023230976,0.022001,28.568365,-0.0002981324,STAR
7745220600016859136,0.0220691719999877,23.282679,0.2282785,GALAXY
5106038914096492544,0.0220809599999825,6.3160787,0.6134726,GALAXY
8044774846892797952,0.0222102820000032,35.741273,0.3145028,GALAXY
8043633004017020928,0.0223345609999797,34.535178,-0.0007198174,STAR
4746989262451961856,0.0225563640000246,0.92404093,0.4948581,GALAXY
8046847701306503168,0.0225916239999719,-7.8598057,0.5310049,GALAXY
8044767700067217408,0.0227870069999767,35.352968,0.0004959681,STAR
7918727383606816768,0.0228408739999963,-4.3916655,0.33202,GALAXY
6960407061319053312,0.0228471280000235,10.298897,0.5013325,GALAXY
4746987888062427136,0.0228552089999994,1.1345059,0.5091359,GALAXY
4970999644265574400,0.0228820269999801,6.3546428,1.086654,QSO
4902362905427243008,0.0229687809999746,-2.0804688,0.3118347,GALAXY
7919682309438763008,0.022969269999976,-5.5047136,2.0892,QSO
4902356858113290240,0.0229758899999979,-1.4575518,2.273816,QSO
435745559106578432,0.023121653,-1.2163687,0.03167664,GALAXY
8046848800818130944,0.0232043280000198,-7.7661842,0.08530945,GALAXY
8043503811400757248,0.0232533689999741,33.02829,0.3319433,GALAXY
771358021379975168,0.023387419,1.116467,3.042468E-05,STAR
8046855947643711488,0.0235090240000204,-8.1412344,3.885116,QSO
844474445652322304,0.023755986,14.412441,0.1714089,GALAXY
7919679285781786624,0.0237922769999841,-5.9607087,0.5774367,GALAXY
6960412283999285248,0.0239158300000213,10.624461,0.1709902,GALAXY
2676293007703120896,0.0240000000000009,56.181061,-0.0003418252,STAR
7919757625985265664,0.0240779679999719,-4.3353249,1.640517,QSO
8046853198864642048,0.0240970099999913,-8.2377862,0.5720347,GALAXY
7333026060336558080,0.0241260070000067,24.138202,0.4612917,GALAXY
1676509266812364800,0.024205,-0.609134,7.058315E-05,STAR
8032280821371695104,0.0242543279999836,28.761272,0.5380034,GALAXY
6949220631343460352,0.0242638679999914,16.364267,0.5277697,GALAXY
4970978478666739712,0.0242747870000244,5.206847,2.013157,QSO
8043635752796090368,0.024503822999975,34.047874,3.123795,QSO
6960404312539983872,0.0245188339999913,10.028959,0.6712011,GALAXY
4902263124747022336,0.0246543380000048,-2.7511259,1.269089,QSO
3156028903802300416,0.024685,28.481815,-0.0007359292,STAR
1676589256283285504,0.0247,0.973248,-0.0002826345,STAR
3179647789365749760,0.024703,29.187248,-0.0002296788,STAR
5104967714943463424,0.0247448349999786,8.7134399,0.4212328,GALAXY
4902258726700511232,0.0247918389999882,-3.084356,0.3513347,GALAXY
6911900181747920896,0.0248192509999967,15.429902,0.1735107,GALAXY
6954859751587639296,0.0248241830000211,14.886148,2.498578,QSO
6954792406500438016,0.0248705289999975,14.124122,0.4816472,GALAXY
5106138145020899328,0.0248887259999719,8.2510384,0.4820031,GALAXY
4837035141967310848,0.0249518100000046,2.2547391,0.5314005,GALAXY
3153744392896931840,0.02502,24.97951,-4.237392E-05,STAR
7919754877206196224,0.0250600510000254,-3.8928096,0.6753696,QSO
6949221730855088128,0.0251671330000249,16.384507,0.5318546,GALAXY
4746880685678718976,0.0251995599999759,-0.048029816,0.5410594,GALAXY
2954452963382290432,0.025303,-3.921527,-0.000315986,STAR
6949163456738816000,0.0253483370000254,15.567823,0.5482218,GALAXY
8046847426428596224,0.0253549650000195,-7.8887796,0.08281171,GALAXY
8047041490230898688,0.0253903550000132,-7.0167001,0.5619853,GALAXY
3179656035702958080,0.025442,28.450875,-0.001188359,STAR
844548662687197184,0.025454582,15.875382,0.1567281,GALAXY
8044765226166054912,0.0254608039999766,35.572323,0.5325491,GALAXY
8032328925005410304,0.0254958969999848,30.105365,1.928567,QSO
6879494551880003584,0.0255170230000203,21.474052,0.50762,GALAXY
4815513576360570880,0.0255900000000224,3.2685844,0.7230566,GALAXY
7919683134072483840,0.0256642109999916,-5.9282183,0.5739621,GALAXY
4837037890746380288,0.025766917999988,2.9535779,0.4421702,GALAXY
7742966601263804416,0.0259060170000112,27.12948,-0.0002033289,STAR
8047033518771597312,0.0259481499999765,-6.2763802,0.4237734,GALAXY
8043642624743763968,0.0259704069999884,33.695588,0.5562971,GALAXY
4902363730060963840,0.0259728519999953,-2.1669022,0.4989666,GALAXY
8043501337499594752,0.0260259230000202,32.767251,0.4586214,GALAXY
3177384993378822144,0.026035,25.245729,-0.0001383746,STAR
7742942686885900288,0.026096965000022,26.097852,0.5583398,GALAXY
6960411459365564416,0.0261610960000098,10.591971,2.882593E-05,STAR
1676607398225143808,0.026265,0.146661,1.230536E-05,STAR
7330977120367865856,0.0262823479999952,28.489184,0.5854293,GALAXY
6960403487906263040,0.0262949390000244,9.6793411,2.747641,QSO
7742973198333571072,0.0263616710000179,26.301044,0.3096891,GALAXY
4746875462998487040,0.0263957999999889,-1.0093475,0.5977175,QSO
2954410082428807168,0.026413,-5.185681,0,GALAXY
3177372898750916608,0.026479,24.587194,0.3154418,GALAXY
1228386808744667136,0.026604,-1.126656,-5.408816E-05,STAR
8047043139498340352,0.0266184330000101,-6.9013647,3.250361,QSO
8069404182853644288,0.026642250000009,-10.773608,-0.000398593,STAR
2954455987039266816,0.026702,-4.365491,-4.340108E-05,STAR
4746997233911263232,0.0267573749999883,0.22032057,0.6043195,GALAXY
8043502162133315584,0.0267587999999819,32.726479,2.215489,QSO
771361045036951552,0.026827422,0.76772884,0.4339769,GALAXY
8043491716772851712,0.027132698999992,31.861095,0.207665,GALAXY
771369841129973760,0.027230757,0.51533164,1.823367,QSO
3153741369239955456,0.027244008,25.207496,-0.0006714875,STAR
6988503982277324800,0.0272654269999748,17.880713,-0.0001536294,STAR
5106140069166247936,0.0273777560000212,8.3823474,0.4879995,GALAXY
5106058980183699456,0.0273986639999748,7.0796931,0.1288346,GALAXY
7330759691943473152,0.0274316219999946,27.368781,2.427292,QSO
6960406786441146368,0.0275463280000281,10.113326,0.3723766,GALAXY
7316320355911135232,0.0276225110000041,31.876263,0.2117319,GALAXY
1732896895203829760,0.027655,0.74514598,0.08169543,GALAXY
4959594410536529920,0.0277899999999818,5.5571241,0.56289,GALAXY
435859358560053248,0.027802144,0.50462729,0.1091058,GALAXY
7333220399016767488,0.0278666469999962,24.828923,0.555518,GALAXY
7745224173429649408,0.0278688089999832,22.971435,0.6699017,QSO
844470322483718144,0.02795121,14.332932,0.2220295,GALAXY
7316143334539063296,0.027983259999985,30.325903,2.004653,QSO
2676292732825213952,0.02800000000002,56.342546,3.497792,QSO
6960407885952774144,0.0281037899999887,10.222099,1.028875,QSO
1228492361860933632,0.028129,0.237297,-0.0002085071,STAR
771303320676493312,0.028138541,-0.78166078,-3.758713E-07,STAR
6898652992154300416,0.0282397270000274,19.878966,0.4787028,GALAXY
5104963591774859264,0.0283282920000261,8.7656518,0.4225762,GALAXY
8032324801836806144,0.028378282999995,30.343494,3.97571,QSO
6926807909683359744,0.0284431219999988,9.6024438,-0.0008039757,STAR
8032290991854252032,0.0284675099999845,29.838577,-0.0006787705,STAR
8044774297136984064,0.028479883999978,35.764894,0.3144377,GALAXY
7919753502816661504,0.0286032899999782,-3.7927235,0.4925062,GALAXY
4971000194021388288,0.0286884610000016,6.5445853,0.5846477,GALAXY
8069402258708295680,0.0287034560000166,-10.86826,-0.0005005347,STAR
8046847976184410112,0.0287423839999974,-7.8154675,0.3465739,GALAXY
7330984816949260288,0.0289320300000213,28.773601,0.3827976,GALAXY
4815521272941965312,0.0289700000000153,3.0284025,-0.001719151,GALAXY
6960499695173693440,0.0289701730000047,10.82209,0.3922527,GALAXY
6926537704700833792,0.0290088979999723,8.5284459,0.4829286,GALAXY
7330766838769053696,0.0291297879999775,27.66454,0.1134865,GALAXY
8069399509929226240,0.0291709210000022,-9.9649658,-0.0006334823,STAR
4746872714219417600,0.0291767879999725,-0.61891552,0.3651219,GALAXY
1228491262349305856,0.029232,0.610293,-0.0002405871,STAR
6879495101635817472,0.0292723430000024,21.402928,0.537492,GALAXY
3155963757738354688,0.02929763,27.123619,-0.003794088,STAR
7919759825008521216,0.0293437810000228,-4.3917853,0.5700787,GALAXY
5106049634334863360,0.0293567539999913,7.2068225,0.3533,GALAXY
5106040288486027264,0.0294149960000141,6.0594081,1.545614,QSO
6960401563760914432,0.0294670029999793,9.6597353,0.5274823,GALAXY
7330758042676031488,0.0296044620000089,26.756851,2.21271,QSO
435845339786799104,0.029681851,0.8578721,0.08151472,GALAXY
7316147182829760512,0.0297868640000161,30.071879,-0.0005166498,STAR
731971589721057280,0.029825314,-9.7277342,-0.0003282064,STAR
6911902930526990336,0.0301063210000052,15.853937,0.150673,GALAXY
8069396761150156800,0.030203997000001,-10.406938,-0.00105857,STAR
8043642899621670912,0.0302223969999886,33.399564,0.4892431,GALAXY
4970997445242318848,0.0302232849999768,6.3855962,0.09484879,GALAXY
4902366203962126336,0.0304573340000047,-2.3109149,0.1024923,GALAXY
2961203139253921792,0.030539,-5.321909,-0.0004165339,STAR
4959590012490018816,0.0306100000000242,5.5336937,0.4559727,GALAXY
844448057373255680,0.030643489,13.910188,0.1045369,GALAXY
8046851274719293440,0.0306838299999868,-8.4166,0.5351853,GALAXY
844546463663941632,0.030696712,15.855331,0.1514044,GALAXY
8046849350573944832,0.0307885110000257,-7.5078525,-0.0003530128,STAR
8069400334562947072,0.0308302340000068,-10.138076,0.7720911,GALAXY
4837031843432427520,0.0308592520000275,2.3923639,0.6498527,GALAXY
2961215783637641216,0.030938,-4.732025,-0.00028835,STAR
6925434621354766336,0.0311885329999768,11.701894,2.828129,QSO
4902267247915626496,0.0311907880000035,-2.3610247,-0.0006142105,STAR
7919676262124810240,0.0312467269999956,-5.3881926,0.0001206521,STAR
5106143367701131264,0.0312841439999829,7.652393,0.4924402,GALAXY
7745229121231974400,0.031341838000003,23.45841,0.5682425,GALAXY
1228387358500481024,0.031475,-0.909879,8.882988E-05,STAR
3155966781395331072,0.031486,27.004464,-0.0008949151,STAR
7316323104690204672,0.0315688730000261,31.540626,-1.72956E-05,STAR
4746995309765914624,0.0316202500000031,0.49535244,2.259671,QSO
844547563175569408,0.031620779,15.902059,0.1524596,GALAXY
3177372348995102720,0.031629,24.499223,-0.001011805,STAR
844547838053476352,0.031758847,15.834229,0.1527795,GALAXY
3155964857249982464,0.032013,27.295041,-2.265648E-05,STAR
6898394881799680000,0.0320758770000111,18.879092,0.4085441,GALAXY
7333034031795859456,0.0320813679999787,23.745404,0.5285202,GALAXY
4902353559578406912,0.0320880670000179,-1.8426694,-0.0003985696,STAR
4902364004938870784,0.0322084979999886,-2.0351143,0.3651615,GALAXY
845635530199689216,0.032230992,14.665519,0.3747542,GALAXY
435749407397275648,0.032330556,-0.72366654,0.1093323,GALAXY
6988697496323813376,0.032417248999991,18.858506,0.5027912,GALAXY
6926551998351994880,0.0324647520000099,8.3362467,0.4811698,GALAXY
4746994760010100736,0.0325426169999901,0.32432911,0.5141582,GALAXY
8047032694137876480,0.0325550869999915,-6.1302026,1.594902E-05,STAR
435776070554249216,0.0325982,-0.040570729,0.02366391,GALAXY
8032331398906572800,0.0326520739999978,30.768431,4.341776E-05,STAR
6960404587417890816,0.0327098289999981,9.9196537,0.154469,GALAXY
7316157078434410496,0.0328453089999812,31.21392,0.529042,GALAXY
8047033243893690368,0.0329148370000212,-6.3067463,0.0004123899,STAR
6898395706433400832,0.0331345160000183,18.860264,0.5029461,GALAXY
6879279322478866432,0.0331715969999777,20.890101,0.1471576,GALAXY
7745223348795928576,0.033202340999992,23.019051,0.3720239,GALAXY
3179652462290167808,0.033247573,28.560329,0.6840269,GALAXY
3179654386435516416,0.033374,28.483268,-0.0004867878,STAR
6949153836012072960,0.0333983799999942,14.677707,0.3727965,GALAXY
8044619265997467648,0.0334973469999795,34.55436,0.234638,GALAXY
2961213034858571776,0.03359,-4.386377,-0.0007242694,STAR
8047036267550666752,0.0335940260000029,-6.1090159,0.5172476,GALAXY
5106040838241841152,0.0335973279999848,5.8498123,0.4436799,QSO
6949229977192296448,0.0335976619999769,16.50428,0.6367665,GALAXY
5106056506282536960,0.0336165379999898,6.8244067,0.5513145,GALAXY
844473895896508416,0.033695866,14.546033,0.1054557,GALAXY
6898397080822935552,0.0337279670000044,19.088178,1.981514,QSO
8046852099353014272,0.0337815209999803,-8.3247076,0.6460366,GALAXY
6925421702093139968,0.0338374109999791,11.567682,0.6833023,GALAXY
7919674063101554688,0.0338627869999755,-5.0366462,0.8074365,GALAXY
8043504910912385024,0.0338880300000142,33.082869,0.234083,GALAXY
771370665763694592,0.033946063,0.2762916,1.839082,QSO
5106143092823224320,0.0339926890000015,7.9781491,2.396573,QSO
8043493640918200320,0.0340245620000132,32.483374,0.5538725,GALAXY
6960498595662065664,0.0340389460000097,10.883982,0.3961942,GALAXY
6925431322819883008,0.0340774620000275,12.398645,1.327501,QSO
7742969624920780800,0.0342270329999792,26.54098,0.5461928,GALAXY
7330761616088821760,0.0342955099999926,27.199223,0.6711397,GALAXY
6879287019060260864,0.0343231130000277,20.514972,0.1105547,GALAXY
6879271625897472000,0.0343552179999733,19.963542,0.1186427,GALAXY
4902357682747011072,0.0345150250000188,-1.0103284,0.5605369,GALAXY
1676492224382134272,0.034677,-0.773782,0.0772292,GALAXY
6988698320957534208,0.0349174340000218,18.584211,0.3368454,GALAXY
7919762848665497600,0.0349741580000114,-3.5653306,0.5911268,GALAXY
7919760924520148992,0.0349884359999919,-4.4390783,0.6697257,GALAXY
5104969639088812032,0.0350018340000133,9.2812761,-0.0002296218,STAR
4837033492699869184,0.035243013000013,2.4494464,0.4278513,QSO
1732894421302667264,0.035344999,0.76578099,0.08131805,GALAXY
731956196558268416,0.035380115,-9.0979327,1.110775,QSO
4902364829572591616,0.035413817999995,-2.229104,0.5400615,GALAXY
844449431762790400,0.035427547,13.744828,0.1988018,GALAXY
4902349161531895808,0.0354682880000041,-1.6551787,-0.001037793,STAR
8043646747912368128,0.0355493850000244,33.969317,0.2487028,GALAXY
6954694275087659008,0.0355624750000061,12.955737,0,GALAXY
8069400884318760960,0.035576811999988,-9.8918552,0.3692369,GALAXY
4837041189281263616,0.0356312839999759,2.6417015,0.7422001,GALAXY
7919682034560856064,0.0356670169999802,-5.6990578,0.5897042,GALAXY
4970996345730691072,0.0356806429999779,5.5492152,0.5750107,GALAXY
7333225621696999424,0.0357302389999745,25.448654,0.6871113,GALAXY
844473621018601472,0.035761282,14.51647,0.1428275,GALAXY
8044631085747466240,0.0357823919999873,35.147564,0.596956,GALAXY
5104972662745788416,0.0357966930000089,8.9541832,0.279913,GALAXY
6946925950089752576,0.0358013730000266,18.660909,0.6963786,GALAXY
4970972981108600832,0.0358382719999781,4.4832664,0.6270058,QSO
5106140618922061824,0.0358507469999836,8.1964848,0.5605465,GALAXY
8069397310905970688,0.0358606419999887,-10.253336,1.615499,QSO
7745181842231980032,0.0360036160000163,22.278426,0.5414701,GALAXY
4970975180131856384,0.0360141429999885,4.9081958,2.553127,QSO
6949157959180677120,0.0360270229999742,15.221073,-0.0006178514,STAR
6949161807471374336,0.0361614199999849,15.667738,0.457052,GALAXY
6946954262514167808,0.0361848140000234,20.51752,0.08829134,GALAXY
4970973530864414720,0.0363162869999769,4.625804,0.5040202,GALAXY
7333219299505139712,0.036433011999975,24.896204,0.5399125,GALAXY
6898399829602004992,0.0365079719999812,19.509604,-0.0009243641,STAR
3179609581336684544,0.036650195,27.626505,2.151586,QSO
6926538254456647680,0.0366507449999744,8.4826801,0.4848531,GALAXY
1228384609721411584,0.036677,-1.238461,0.1100556,GALAXY
6949156035035328512,0.0367880179999815,14.971924,1.025606,QSO
1676487551457716224,0.03684215,-0.91430621,0.4934372,GALAXY
7316157903068131328,0.0368598320000046,31.449034,0.6028949,GALAXY
5106041937753468928,0.0368782610000267,6.0371147,1.160485,QSO
6960500244929507328,0.0371031560000006,10.784027,-6.797745E-05,STAR
4902257077433069568,0.0371842729999798,-3.313033,0.5189372,GALAXY
7333032932284231680,0.0372990469999763,23.435844,0.405333,GALAXY
8047037092184387584,0.0373343659999819,-6.4793222,2.291912,QSO
6950328113910444032,0.0373740389999853,17.894482,0.1011948,GALAXY
1676586782382123008,0.037404,1.239931,0.09534095,GALAXY
6988699970224975872,0.0374191280000105,18.776992,0.4444577,GALAXY
4837033217821962240,0.0374329719999764,2.3045985,0.7675016,GALAXY
7742972373699850240,0.0374637979999761,26.31736,0.8329017,GALAXY
7745185690522677248,0.0375383879999731,22.77315,0.2753752,GALAXY
4902264774014464000,0.0375448240000082,-2.5869429,0.09085557,GALAXY
844558558291847168,0.037610126,15.437331,0.1726757,GALAXY
8046846601794875392,0.0376517710000144,-7.8384514,0.5328314,GALAXY
6960407336196960256,0.0376971229999867,10.159586,2.46339,QSO
5106152713549967360,0.037700142999995,8.1437019,0.4860853,GALAXY
6949157409424863232,0.0377328669999883,14.813357,0.6085183,GALAXY
3179648339121563648,0.037811,29.275233,-7.233359E-05,STAR
8032283020394950656,0.037811841000007,29.166963,0.5411999,GALAXY
6960494747371368448,0.0378257660000259,11.336884,1.138663,QSO
7919755976717824000,0.0380524180000066,-3.9154005,0.06621467,GALAXY
4970977654033018880,0.0381025720000139,5.4049517,0.5762636,GALAXY
7316320905666949120,0.0381083309999894,31.726914,0.09161269,GALAXY
6960496671516717056,0.0381797719999781,11.145362,0.7000539,GALAXY
1676612895783282688,0.038202,0.87259,-0.0001361166,STAR
731958395581523968,0.03826553,-8.7957485,-0.0003674394,STAR
7330979869146935296,0.0383613409999839,28.371023,0.6103615,GALAXY
1228391756546992128,0.038365558,-0.2509644,-0.006319095,GALAXY
6960410634731843584,0.0384853510000198,10.543168,0.6897556,GALAXY
4746992011231031296,0.0385049760000129,0.77008496,1.17481,QSO
1732896070570108928,0.038504999,0.499461,0.08135861,GALAXY
8047039840963457024,0.0385510379999801,-6.9668517,0.2062455,GALAXY
7316325303713460224,0.0385989200000267,32.608807,0.3901193,GALAXY
845648174583408640,0.038609498,15.298489,1.204135,QSO
4837035416845217792,0.0386582709999743,2.1061087,1.435563,QSO
7919678461148065792,0.0386595069999771,-4.8287747,2.363287,QSO
8069403907975737344,0.0387483189999784,-10.801611,0.001723136,STAR
2961200665352759296,0.038788,-4.912847,5.086732E-05,STAR
6926807085049638912,0.0388111810000282,9.351376,0.5078946,GALAXY
6879500599193956352,0.0388128260000258,22.034585,0.4725471,GALAXY
7316325578591367168,0.0389218930000084,32.147668,0.2447302,GALAXY
8069397036028063744,0.0389334920000124,-10.376267,0.538808,GALAXY
6879494826757910528,0.0390453100000059,21.281909,0.2997398,GALAXY
7333032382528417792,0.0390643650000015,23.378209,0.2753631,GALAXY
6954789932599275520,0.0390879729999938,13.938453,1.134544,QSO
4836968071758016512,0.0391276930000117,1.4674436,0.5104603,GALAXY
731889676104787968,0.039264447,-10.46441,1.85411,QSO
8044772098113728512,0.0394139069999824,35.971702,0.2288358,GALAXY
7330981243536470016,0.0396369970000023,28.298124,-3.541955E-05,STAR
6950326464643002368,0.0396421749999831,18.059094,0.04475661,QSO
3156001416011606016,0.039664,28.971929,-0.0005694892,STAR
2961203963887642624,0.039742,-5.400922,5.796134E-05,STAR
844471696873252864,0.039813213,14.243354,0.09270928,GALAXY
4815721109180313600,0.0398400000000265,3.8542938,0.5301137,GALAXY
2676293832336841728,0.0400000000000205,56.380089,-0.0002325721,STAR
844451081030232064,0.040185338,14.095226,0.1376808,GALAXY
8044629436480024576,0.0402575709999837,34.966872,0.5849089,GALAXY
8046856222521618432,0.0403259899999853,-8.1104872,0.0001256262,STAR
6925659746360553472,0.0404416040000228,13.102239,0.5464379,GALAXY
6925667717819854848,0.040442177999978,12.625212,2.481123,QSO
3179655760825051136,0.040551,28.786872,-0.0008223567,STAR
6926551448596180992,0.0406705440000223,8.3127466,0.4861176,GALAXY
1732798763791050752,0.040771998,-0.527812,0.1518258,GALAXY
8044772372991635456,0.0408160439999961,35.802709,2.53523,QSO
7742967700775432192,0.0408721840000226,27.07762,-0.00105034,STAR
3155997292843001856,0.040894,29.217682,-0.0002910644,STAR
6879273824920727552,0.040992894999988,20.368908,0.3168899,GALAXY
8069534474981535744,0.0410741289999805,-9.114904,0.6008984,GALAXY
3153721303152748544,0.041139,24.754879,-0.0002640043,STAR
8046849900329758720,0.0413204569999834,-7.4222668,0.5846564,GALAXY
8069392088225738752,0.0414063250000254,-10.887839,0.52136,GALAXY
6950307223189516288,0.0414809220000052,17.085884,0.08377419,GALAXY
5106040013608120320,0.0414860399999952,6.3251545,0.7306563,QSO
4746879036411277312,0.0414981270000112,-0.15650315,0.5951967,GALAXY
7745222799040114688,0.0415354699999853,23.044667,0.3835371,GALAXY
6879271900775378944,0.0415516360000083,19.802817,0.5631551,GALAXY
6946927874235101184,0.0416950349999752,18.684655,0.4861136,QSO
7745179643208724480,0.0418484389999776,22.03891,0.47115,GALAXY
6949164006494629888,0.0421115319999785,15.810731,0.5283051,GALAXY
435857159536797696,0.042175325,0.63428133,0.05408107,GALAXY
4837036516356845568,0.0421900810000011,2.0574087,0.3842263,GALAXY
7316142235027435520,0.042232193000018,30.291414,1.976213,QSO
1732907340564293632,0.042240001,0.98078603,0.08249932,GALAXY
6879280696868401152,0.042430061999994,21.034589,-0.0002275706,STAR
7316329701759971328,0.0424617570000123,31.646156,2.597988,QSO
4971003217678364672,0.0425029649999829,5.7000304,0.180668,GALAXY
5106146941113921536,0.0425057809999885,7.3369026,0.5583722,GALAXY
4970970232329531392,0.042570717999979,4.412903,0.6929199,GALAXY
7333223422673743872,0.0425782589999812,25.969971,0.48071,GALAXY
4746875188120580096,0.0428771859999983,-0.93789795,0.5632554,GALAXY
6954788558209740800,0.0429112759999839,13.804894,0.09498952,GALAXY
3177369875093940224,0.042935,24.234802,-0.000358153,STAR
6946957011293237248,0.0429606100000228,19.867609,2.021187,QSO
435774146408900608,0.043060275,-0.35762749,0.9722069,GALAXY
6988499309352906752,0.0430618330000243,17.21775,-0.0001780375,STAR
7316154879411154944,0.0431385699999964,31.005674,0.3611489,GALAXY
3155965132127889408,0.043152,26.968717,-7.76036E-05,STAR
4815717260889616384,0.0431800000000067,4.1771391,0.6953812,GALAXY
7316154604533248000,0.0432077039999967,31.115317,0.2875192,GALAXY
4746876012754300928,0.04321170999998,-0.85165882,0.3158485,GALAXY
4836985938821967872,0.0432249770000226,1.9158132,0.3524621,GALAXY
8046853748620455936,0.0432805309999935,-8.2540652,2.171675,QSO
6946924025944403968,0.0433810449999896,18.27094,0.7258571,QSO
6946960309828120576,0.0434045129999845,19.649696,0.5524692,GALAXY
4902262849869115392,0.0434292890000165,-2.7944259,2.250511,QSO
8046854573254176768,0.0434561029999827,-8.1456939,0.8353247,QSO
5106146391358107648,0.0435530529999824,7.5463863,0.1358044,GALAXY
3155961558715099136,0.043562,28.13055,-3.636509E-05,STAR
7333216825603977216,0.0436103470000262,25.290875,0.6235065,GALAXY
4746874913242673152,0.0436766209999746,-1.1688566,0.7209759,GALAXY
7333226446330720256,0.0436880620000011,25.727814,-0.0007304394,STAR
4815720009668685824,0.0438199999999824,3.9608308,0.5271412,GALAXY
8043504086278664192,0.0439700349999725,32.824892,2.404295,QSO
2676295756482190336,0.0439999999999827,56.140015,-0.0002107755,STAR
1732796839645702144,0.044023,-0.62365901,0.1116851,GALAXY
8032326725982154752,0.0440396559999954,30.242229,1.904313,QSO
6926540728357810176,0.0441082869999718,8.8033495,0.4219738,GALAXY
7330757492920217600,0.044147425999995,27.129992,-0.0001425643,STAR
7316330801271599104,0.0441730150000126,31.808156,0.2102052,GALAXY
2954459560452057088,0.044277,-4.751214,-3.888286E-05,STAR
4902266423281905664,0.0442840079999769,-2.3838075,0.4970133,GALAXY
6879494277002096640,0.0443560909999974,21.381071,0.3789485,GALAXY
844448607129069568,0.044382508,13.796326,0.1991654,GALAXY
2961214959003920384,0.044476,-4.34305,-0.0007915627,STAR
7919670214810857472,0.0448052560000178,-5.7222213,0.7527286,QSO
2961214684126013440,0.044886,-4.606845,-8.657707E-05,STAR
771281605321844736,0.04507819,0.031478938,-0.0001363133,STAR
7333226721208627200,0.0452641289999747,25.313836,0.6245902,GALAXY
8047038466573922304,0.0453279289999955,-6.6608373,0.5539974,GALAXY
8046849075696037888,0.0453558699999803,-8.02749,0.434725,GALAXY
6960406236685332480,0.045377808000012,9.7097578,2.777096,QSO
4815711213575663616,0.0453899999999976,4.9129749,0.5294694,GALAXY
8047034068527411200,0.0456286649999811,-6.3499973,0.5143259,GALAXY
4815522372453593088,0.0456800000000044,3.1556844,4.26877,QSO
4815712038209384448,0.0456899999999791,5.077979,-0.0008290917,STAR
7745223623673835520,0.0458266219999928,22.994257,0.7288277,GALAXY
8046846052039061504,0.0458493450000219,-7.9165067,0.08566686,GALAXY
7919766971834101760,0.0458637890000091,-3.6862031,0.1146475,GALAXY
8069531176446652416,0.0459685399999898,-8.6673458,0.5365397,GALAXY
7330762440722542592,0.0459897950000254,27.448826,0.1135331,GALAXY
7333218199993511936,0.0460648850000212,25.114867,0.2412646,GALAXY
4902356308357476352,0.0460667670000134,-1.2995702,0.4000597,GALAXY
6954858377198104576,0.0461508340000023,15.028193,0.5335107,GALAXY
7742966326385897472,0.0462114680000241,27.138055,0.5289592,GALAXY
844549487320918016,0.046250242,15.703552,0.1501477,GALAXY
5106146116480200704,0.0463805040000125,7.5770929,0.4760176,GALAXY
7337493376415756288,0.0464156290000233,26.124286,0.459868,GALAXY
8032280546493788160,0.0464447119999818,28.853988,0.3365093,GALAXY
7333030458383069184,0.0464665900000227,23.240636,0.4831623,GALAXY
4746868316172906496,0.0465007619999938,-0.49033183,-6.360842E-05,STAR
4902361256159801344,0.0465175560000262,-1.7428223,2.172415,QSO
6954797354302763008,0.0466944209999838,13.492838,0.5783115,GALAXY
6946926499845566464,0.0467458549999833,18.34654,0.505304,GALAXY
8046851549597200384,0.0469383280000102,-8.4976563,0.4620399,GALAXY
7330762990478356480,0.0471560450000084,27.522803,0.4014598,GALAXY
6898398180334563328,0.0473128749999887,19.308878,0.09021833,GALAXY
6954844358424850432,0.0473836589999905,15.059943,2.179692,QSO
731890775616415744,0.047392725,-11.189833,0.1499253,GALAXY
1732893046913132544,0.047437001,0.68944699,0.1029504,GALAXY
844562131704637440,0.047551208,14.929367,0.4598302,QSO
7333034306673766400,0.0475993860000017,23.767207,0.5271848,GALAXY
4970977104277204992,0.0476691360000245,5.0739949,0.5691122,GALAXY
4902365929084219392,0.0476880300000175,-2.2734657,0.5691918,GALAXY
8069523754743164928,0.0476999979999846,-9.480577,0.4100444,GALAXY
8032324252080992256,0.0478244629999836,30.04657,0.6214584,GALAXY
8043503261644943360,0.0479648090000069,32.912402,0.1511026,GALAXY
2676434294947290112,0.0480000000000018,57.612431,-0.0001828083,STAR
4970971881596973056,0.0480512720000092,4.4590893,0.5256587,GALAXY
4959593585902809088,0.0480800000000272,5.5493295,0.5735458,GALAXY
6960412009121378304,0.0481425300000069,10.658789,0.496996,GALAXY
4746991736353124352,0.0481841519999762,0.72381438,0.5291401,GALAXY
2961195442672527360,0.048196,-5.599061,-0.0006348772,STAR
2954454887527639040,0.048208,-3.899035,-9.936559E-05,STAR
6949157134546956288,0.0483105700000124,14.932665,6.978617,QSO
7316329152004157440,0.0483254939999824,32.025845,-0.0001212623,STAR
435846714176333824,0.048377367,1.0307008,0.1023905,GALAXY
435773596653086720,0.048400806,-0.644024,0.1400897,GALAXY
8069531451324559360,0.0485703759999865,-8.8356406,0.0003546424,STAR
6954791856744624128,0.048879396000018,14.059624,2.438069,QSO
4815718635279151104,0.048909999999978,4.0107967,0.1136722,GALAXY
3155964032616261632,0.048975,26.913057,-0.0001534305,STAR
6949149437965561856,0.049009070000011,15.511642,5.748346E-05,STAR
6949158234058584064,0.049036123999997,15.035931,1.095077,QSO
8044631360625373184,0.0492307549999964,35.104144,2.932496,QSO
6988499584230813696,0.0494138220000195,17.361934,0.595983,GALAXY
7330991963774840832,0.0494984349999754,28.073775,0.3482361,GALAXY
4837035691723124736,0.0495680700000207,2.2844252,0.6439045,GALAXY
6954792681378344960,0.0496635279999964,14.090008,0.1039548,GALAXY
7919763673299218432,0.0498088449999727,-3.8387884,-4.216387E-05,STAR
7316144159172784128,0.0498155029999907,30.350376,0.1146729,QSO
435778269577504768,0.049839429,0.040358716,0.4796712,QSO
3155962933104633856,0.049859,28.015888,-0.0002479393,STAR
771357746502068224,0.049964133,1.1217477,0.02429344,GALAXY
7745182117109886976,0.050089096000022,22.356955,0.4552576,QSO
8043645648400740352,0.0501233310000089,34.291556,0.2793481,GALAXY
4902257352310976512,0.050169808000021,-3.1420451,-0.0001411502,STAR
4902363180305149952,0.0502397189999897,-2.0039288,2.342028,QSO
6949233825482993664,0.0502410469999859,15.874281,-0.0005628789,STAR
8046849625451851776,0.0504390869999725,-7.6905305,0.3326976,GALAXY
8043648946935623680,0.0505135610000025,34.270476,0.2798261,GALAXY
6988697771201720320,0.0506477829999881,19.116938,0.4079952,GALAXY
4815715061866360832,0.0506500000000187,4.489173,0.0001389052,STAR
8043490892139130880,0.0506731849999937,32.129846,0.08940354,GALAXY
1228492636738840576,0.050702566,0.39232381,0.2536995,GALAXY
7333227820720254976,0.0507662150000101,25.141664,0.6255174,GALAXY
7919763123543404544,0.0508177340000202,-3.6093145,0.1157903,GALAXY
7337495300561104896,0.0509040289999803,26.368201,1.885001,QSO
8044618441363746816,0.0509437729999718,34.401357,1.310211E-05,STAR
7919763398421311488,0.0510007120000182,-3.5426933,0.6176466,GALAXY
1228392306302806016,0.05108348,-0.53905109,1.435756,QSO
5106041387997655040,0.0511549340000101,6.0192164,0.3646511,GALAXY
7745228571476160512,0.051185108000027,23.562582,0.4317045,GALAXY
2954453513138104320,0.051295,-3.963601,-0.0001474175,STAR
1228389007767922688,0.051353442,-0.84515769,-0.0004131634,STAR
7745186240278491136,0.051375682000014,22.838738,3.089968,QSO
731884178546649088,0.051455957,-10.53628,0.07657287,GALAXY
3155959359691843584,0.051527,27.537961,-7.998707E-05,STAR
6925431872575696896,0.0518002100000103,12.171717,2.324589,QSO
4746986788550799360,0.0518112350000024,1.0904695,0.417385,GALAXY
2676275965272890368,0.0520000000000209,55.410862,-0.0003703286,STAR
6879491253345120256,0.0520771309999759,21.66066,0.5117285,GALAXY
4815514675872198656,0.052189999999996,3.6387258,0.08729575,GALAXY
8043489792627503104,0.0522097429999917,31.909375,3.278693,QSO
8069398960173412352,0.052282794000007,-9.9064701,0.4584226,GALAXY
6960411184487657472,0.0523831159999872,10.635092,0.1678397,GALAXY
4746871339829882880,0.0524919869999962,-0.92226113,0.5619528,GALAXY
4902360706403987456,0.0524983440000142,-1.7046459,2.386395,QSO
1676508991934457856,0.052503,-0.612669,0.4630478,GALAXY
4902357957624918016,0.0525592249999818,-1.3658931,0.3007815,GALAXY
7919677361636438016,0.0526145970000016,-4.7125309,0.8962215,QSO
8043651420836786176,0.0526437139999985,33.310253,0.5474795,GALAXY
8044605247224213504,0.0527606699999978,34.226279,0.2542303,GALAXY
6925432422331510784,0.0527963580000232,12.409535,0.9928155,QSO
8032329749639131136,0.0528114790000132,30.83419,0.2189684,GALAXY
4959592761269088256,0.0529599999999846,5.4110268,0.5765979,GALAXY
1732898269593364480,0.053089,0.77926803,0.07998801,GALAXY
7742943786397528064,0.0531481369999938,26.141768,0.5262024,GALAXY
5106047985067421696,0.0531661059999919,7.0984815,0.1292163,GALAXY
4836975218583597056,0.0532690819999857,1.9413936,0.5708395,GALAXY
435848363443775488,0.053317203,1.1201948,0.02467319,GALAXY
8046850999841386496,0.0533988029999932,-8.3962818,-0.0006568528,STAR
8032284944540299264,0.0534314129999984,29.2667,0.2418354,GALAXY
1228393680692340736,0.053488,-0.091225,2.417926E-06,STAR
4836971370292899840,0.0537473609999779,1.6816136,0.3576127,GALAXY
731957021191989248,0.053829249,-9.0102157,0.1615088,GALAXY
6926536880067112960,0.0538403780000181,8.4911142,2.103157,QSO
8069398135539691520,0.0539098639999906,-9.9968192,0.459844,GALAXY
8044627512334675968,0.0539402250000194,34.739934,0.1668204,GALAXY
7742969899798687744,0.0539425069999879,26.595519,-0.0008072006,STAR
8046855397887897600,0.0541065219999837,-8.3642629,0.8148794,GALAXY
1228489063326050304,0.054129,0.665234,0.08466689,GALAXY
771371490397415424,0.054141349,0.23467845,6.417686E-05,STAR
4746876837388021760,0.0541876350000052,-0.58785458,0.4913158,GALAXY
6925678712936132608,0.0542465199999924,12.715189,0.3704327,GALAXY
4815713687476826112,0.0543099999999868,4.7343246,2.624613,QSO
6954863599878336512,0.0544082440000011,14.22166,0.09235733,GALAXY
3156027804290672640,0.054429,28.220646,-7.51719E-05,STAR
6912171486242074624,0.0544351159999792,16.216415,0.4563327,GALAXY
8043492816284479488,0.0545046930000126,32.227974,-0.001142995,STAR
6946952613246726144,0.0545586060000005,20.587898,0.2166209,GALAXY
7316146083318132736,0.0545796339999924,30.110049,6.060701,QSO
5106039463852306432,0.0546499380000114,5.9443103,0.5245277,GALAXY
844548387809290240,0.054708869,15.881656,0.1517734,GALAXY
6960510140534157312,0.0547698639999794,10.839706,-0.0006709516,STAR
844451905663952896,0.054787208,14.176304,0.9486113,QSO
8069401983830388736,0.0548805789999847,-10.464048,-0.0005029489,STAR
5106057056038350848,0.0548987590000252,6.8314264,0.3242153,GALAXY
844470597361625088,0.054978039,14.59171,0.09149144,GALAXY
2676433470313569280,0.0550000000000068,57.432327,-0.0002230242,STAR
7745224998063370240,0.0550196870000264,22.959953,2.459239,QSO
8043500787743780864,0.0550773800000002,32.854089,0.6578969,GALAXY
7918458553013825536,0.0552013640000268,-5.1412804,1.156515,QSO
8032331673784479744,0.055210322999983,30.998817,-0.0005881051,STAR
4815517149773361152,0.0552400000000262,3.5978705,0.5660975,GALAXY
8069399235051319296,0.0554081910000264,-10.03955,0.5393683,GALAXY
3177376747041613824,0.055445,24.444261,0.7912351,GALAXY
5106048809701142528,0.055600663000007,7.0015428,0.4735025,GALAXY
7745184316133142528,0.055607316000021,22.53429,0.07215544,GALAXY
6879277673211424768,0.0556404199999747,20.655531,0.3175441,GALAXY
4746871889585696768,0.0556529049999881,-0.90422851,-4.221761E-05,STAR
4746992560986845184,0.0557257749999849,0.64729648,0.2482062,GALAXY
8046847151550689280,0.0557550600000241,-7.8392199,0.08415501,GALAXY
2954449664847407104,0.055924,-3.879144,-8.939434E-05,STAR
2676276789906611200,0.0559999999999832,55.641029,-0.0002244056,STAR
435746383740299264,0.056005303,-1.2136299,0.07815832,GALAXY
1732803986471282688,0.056014001,0.177846,0.2287226,GALAXY
771281055566030848,0.056026654,-0.2413226,0.1057926,GALAXY
7316328052492529664,0.056055903000015,32.381182,2.647258,QSO
4902266973037719552,0.0561324500000069,-2.3606857,0.4959225,GALAXY
7316318156887879680,0.0564112089999753,31.917639,0.2082882,GALAXY
3156000316499978240,0.056686,29.37872,4.666606E-05,STAR
6960402938150449152,0.0567499370000064,9.5307843,2.670371,QSO
8069397860661784576,0.056786360999979,-9.9701494,0.7154142,GALAXY
6960492273470205952,0.0568511810000132,11.667951,0.9098024,GALAXY
6879491803100934144,0.0569201320000161,21.562396,0.2862464,GALAXY
2954443342655547392,0.05706,-5.528328,-0.0002887671,STAR
6960497496150437888,0.0571333299999992,10.998597,-0.00058331,STAR
7919764223055032320,0.05713850799998,-3.9110142,0.4419621,GALAXY
4815515225628012544,0.0571499999999787,3.4003836,0.3031692,GALAXY
7919764772810846208,0.0571588089999864,-3.6666053,0.3058175,GALAXY
7918459102769639424,0.0572434680000242,-4.9674983,0.9808159,GALAXY
6954780586750439424,0.0572617199999854,13.923686,0.3636442,GALAXY
7745184041255235584,0.0573223750000125,22.764034,0.6246769,GALAXY
4815715336744267776,0.0573800000000233,4.4606024,0.09430516,GALAXY
3153722127786469376,0.057458,24.39441,-6.835032E-05,STAR
6960405137173704704,0.057460079000009,9.9118724,0.3350166,GALAXY
1228386533866760192,0.057513335,-0.9130014,1.846776,QSO
435856060025169920,0.057732072,0.65339894,0.1034065,GALAXY
6949225029389971456,0.0577887840000244,16.983406,0.5973172,GALAXY
8047038191696015360,0.0581033149999826,-6.7008793,0.3197317,GALAXY
4970999369387667456,0.0582553180000218,6.557974,0.2018813,GALAXY
5106043587020910592,0.058533462000014,6.5499013,0.2376275,GALAXY
8044619815753281536,0.0585879399999953,34.571393,0.3214247,GALAXY
6960497771028344832,0.0585907149999798,11.070655,0.4968753,GALAXY
4836967796880109568,0.0586556869999981,1.4976652,3.22843,QSO
731879230744324096,0.058697094,-10.47941,0.07547083,GALAXY
8046855672765804544,0.058770514999992,-8.0542857,0.291932,GALAXY
6954844633302757376,0.0589190900000176,15.185515,0.6335098,GALAXY
7745185415644770304,0.0589926910000145,22.620551,3.48995,QSO
8044774022259077120,0.0590637160000256,35.860128,0.260589,GALAXY
6960493098103926784,0.0591016139999851,11.6176,3.70911,QSO
2961200115596945408,0.059139,-4.991554,-0.0007142685,STAR
6946925675211845632,0.0592681289999746,18.538004,-0.0007635229,STAR
8047037916818108416,0.0593343560000221,-6.6759196,0.7188942,GALAXY
5106039188974399488,0.0594531379999808,5.8174734,2.286654,QSO
7745229670987788288,0.0595632249999767,23.403851,0.4058273,GALAXY
1676489475603064832,0.059608,-0.906124,8.588298E-06,STAR
7330988390362050560,0.0597472399999788,28.442799,0.5770811,GALAXY
8043648397179809792,0.059762481000007,34.102327,0.1924854,GALAXY
4746870240318255104,0.059982027999979,-0.0065963894,0.5412272,GALAXY
6911899906870013952,0.0601229029999786,15.426438,0.4273612,GALAXY
844450531274418176,0.06022087,14.211614,0.09138043,GALAXY
8069395936516435968,0.0603682729999946,-10.758481,2.418434,QSO
4902360156648173568,0.0604649809999955,-1.6495592,0.196376,GALAXY
6954862775244615680,0.0604993069999864,14.439757,0.6758873,QSO
7745184591011049472,0.0605488059999857,22.559936,0.4324333,GALAXY
8069539972539674624,0.0605847639999979,-8.5851369,0.655662,GALAXY
7745182941743607808,0.0605999069999825,22.653359,2.519388,QSO
6925432147453603840,0.0607162320000043,12.603564,0.1699418,GALAXY
844449156884883456,0.060853356,13.925639,0.1992618,GALAXY
8047032969015783424,0.0608926340000266,-6.4359442,0.465055,GALAXY
8047046163155316736,0.0609582789999763,-6.1741375,0.5883441,GALAXY
6879276573699796992,0.0610849610000059,20.803884,1.463274,QSO
4746988987574054912,0.0612054179999859,0.88293864,0.6830544,GALAXY
6879499499682328576,0.0615152120000175,21.7364,0.5247917,GALAXY
435859083682146304,0.061533969,0.67453863,0.08175662,GALAXY
8310320651412631552,154.55813,48.301948,1.001478,QSO
1371516006530312192,154.55822,43.434124,0.6295221,QSO
7528940616576331776,154.55825,52.740652,1.401779,QSO
1607880499903096832,154.55826,39.509188,0.4117631,GALAXY
1122547816636377088,154.5583,5.7737548,0.4676287,QSO
8313656019901935616,154.55833,45.892963,0.358754,GALAXY
7275764315755048960,154.55835,29.989356,-0.0003747337,STAR
4313417743866720256,154.55837,-0.15766417,-0.0005067128,STAR
1798223829751851008,154.55839,11.238731,0.1897072,GALAXY
8310300585325424640,154.55844,47.188486,1.291476,QSO
2913835900884510720,154.5585,14.359796,0.1466123,GALAXY
6011290202906750976,154.55858,7.84898,0.2967055,GALAXY
629443232845031424,154.55887,58.997704,0.04414014,GALAXY
6011300923145121792,154.55893,7.4463302,0.5157734,GALAXY
549577175360104448,154.55903,64.715323,0.1809187,GALAXY
2202383145871894528,154.55912,31.704419,0.1474697,GALAXY
1529040018566309888,154.55914,42.497955,0.05211354,GALAXY
7279029864501014528,154.55919,25.094188,2.667911,QSO
6008011734697832448,154.55927,11.225076,0.6655591,GALAXY
6005824255827832832,154.55929,8.8072436,0.6089175,GALAXY
3552243149285990400,154.55932,7.8374864,-0.0007041044,STAR
7539178165920002048,154.55933,55.811561,-0.0001038128,STAR
2202324321999808512,154.55937,30.319521,0.188346,GALAXY
8313651896733331456,154.55942,45.542535,0.8171411,GALAXY
549579649261266944,154.55944,64.367474,1.531325,QSO
5137580600085639168,154.55951,36.906857,0.470345,GALAXY
1122544792979400704,154.55952,5.6524925,0.1139798,GALAXY
7275652165569015808,154.55952,29.17191,2.015252,QSO
4313427089715556352,154.55957,-0.84718025,1.044321,QSO
7496361812234530816,154.55959,48.659425,0.4959151,GALAXY
868085360612108288,154.5597,60.733591,0.1703845,GALAXY
7507572707652464640,154.55977,50.738277,0.3465313,GALAXY
1123744360433739776,154.55985,6.9635471,0.00403154,STAR
6623924614748368896,154.55986,19.264655,0.4828933,GALAXY
3578128676979580928,154.55987,18.053927,0.0005730335,STAR
6007866599162966016,154.55988,10.324771,0.5714721,GALAXY
7267842884970934272,154.5599,31.502485,1.805089,QSO
1528002080260777984,154.55996,41.557747,0.1137484,GALAXY
7500987453592498176,154.55997,46.988493,0.5275759,GALAXY
2641375537750108160,154.56001,23.564933,0.08004393,GALAXY
5136602308826296320,154.56004,40.516616,6.188474,QSO
1371363174414051328,154.56007,42.509027,0.08518107,GALAXY
7232927891586740224,154.5603,22.992874,7.887959E-06,GALAXY
1392903982480910336,154.56032,9.2752444,0.1005994,GALAXY
7507702175146635264,154.56033,51.456211,0.5438488,GALAXY
7276824520077012992,154.56038,27.00068,0.5021363,GALAXY
7500983330423894016,154.56041,47.747403,0.6125174,GALAXY
3700946051507789824,154.56042,43.454592,-5.125022E-05,STAR
983042604931246080,154.56042,48.734718,0.06286781,GALAXY
8314966087922544640,154.56043,47.41471,0.09839149,GALAXY
6006901778649116672,154.56049,15.946111,0.4748568,GALAXY
6011305596069539840,154.56054,8.0307324,2.486401,QSO
1606780713363859456,154.56056,39.501599,0.1543832,GALAXY
4313424066058579968,154.56058,-1.0903053,0.6127573,GALAXY
6623928737916973056,154.56059,20.117256,-0.0001993045,STAR
6006725856788672512,154.56061,14.345996,0.46546,GALAXY
5135488779163463680,154.56072,43.279519,0.5234305,GALAXY
6623931486696042496,154.56081,19.645343,0.2898413,GALAXY
3670582212299956224,154.56089,28.784766,0.5953105,GALAXY
2647068809831147520,154.56093,28.586611,0.4512551,GALAXY
6011330609959071744,154.56094,9.3860788,0.5819063,GALAXY
7275764040877142016,154.56096,29.854461,0.668559,GALAXY
6007864675017617408,154.56101,10.153229,0.3914571,GALAXY
1122664089991014400,154.56105,6.7616376,0.1011451,GALAXY
2915023373442508800,154.56109,16.766509,0.2350522,GALAXY
1392911129306490880,154.56111,9.0245268,0.0807059,GALAXY
629481440874096640,154.56118,59.809374,-4.32139E-05,STAR
8313660417948446720,154.56118,45.36013,2.630996,QSO
8314864108219068416,154.56127,45.459369,0.6132244,GALAXY
2916168239941707776,154.5613,14.806754,0.0001121297,STAR
7271336306679672832,154.56134,23.183626,0.5427738,GALAXY
7232912223546044416,154.5615,22.677735,0.3819038,QSO
7496404418310107136,154.5615,49.582308,0.7792233,QSO
1798216957804177408,154.56151,11.658998,0.2378447,GALAXY
3700944402240348160,154.56161,43.978574,0.0003482766,STAR
629436635775264768,154.56165,58.01324,0.1210284,GALAXY
3552364095565045760,154.5617,10.109728,3.456327E-05,STAR
2672998317318760448,154.5617,20.66202,0.0301129,GALAXY
5130876052570828800,154.56173,43.399146,0.3327231,GALAXY
566440386621368320,154.56183,3.1323212,0.1342489,GALAXY
3672777937037402112,154.56197,39.176559,-0.0002729507,STAR
1393943020952381440,154.562,7.6060949,0.0002746092,STAR
7979494643702886400,154.56201,60.296599,0.3759825,GALAXY
6611484740091047936,154.56211,21.590007,0.5647892,GALAXY
647490066997864448,154.56219,4.2651902,0.1155268,GALAXY
6008015308110622720,154.56231,11.659933,0.2420754,GALAXY
7500984704813428736,154.56233,47.58465,0.5243929,GALAXY
5406695417419853824,154.5624,3.4838386,0.5147691,GALAXY
7267809074988380160,154.56249,31.029464,0.5073785,GALAXY
3548891012741046272,154.56255,35.999049,-5.567949E-05,STAR
549586521208940544,154.56257,65.323049,0.5040985,GALAXY
1392743453783255040,154.5626,7.7617617,0.1620559,GALAXY
2673003539998992384,154.56271,20.208285,0.1543484,GALAXY
2671928492555266048,154.56281,20.03109,0.1129329,GALAXY
1062983421455788032,154.56283,46.439984,0.08028112,GALAXY
7232924867929763840,154.56288,23.178852,0.6949696,GALAXY
2647110866150909952,154.56291,29.220793,0.7725905,QSO
7267808250354659328,154.56293,31.21034,2.197283,QSO
1527864641307305984,154.56294,40.339942,4.850676E-05,STAR
2645995411252209664,154.56297,26.803711,0.1736402,GALAXY
629442408211310592,154.56299,59.073289,0.2848399,GALAXY
1062914976856958976,154.56309,45.505899,0.1446293,GALAXY
7973837657653047296,154.56314,64.279824,2.761355,QSO
1607880774781003776,154.5632,39.166507,0.1475024,GALAXY
2202391667087009792,154.56321,31.501689,0.1941657,GALAXY
1529074653182584832,154.56321,44.177316,3.763793,QSO
8310483654011449344,154.56321,49.596779,1.021787,GALAXY
3700868261060124672,154.56324,41.721344,-0.000518189,STAR
7973691422606553088,154.56331,62.884234,3.215982,QSO
2647082828604401664,154.56337,29.817781,0.05108472,GALAXY
2913986808855422976,154.56346,15.171831,0.08830022,GALAXY
8310302234592866304,154.56347,47.480345,0.7481737,GALAXY
7973693621629808640,154.56359,63.030254,0.4123056,GALAXY
6008028777128062976,154.56367,11.111498,0.4560692,GALAXY
549488389796161536,154.56367,63.64398,0.1325807,GALAXY
7267807425720938496,154.56368,31.33329,0.5167332,GALAXY
1122667388525897728,154.56371,7.038847,0.01215169,GALAXY
3700882279833378816,154.56371,42.358727,-0.0007298906,STAR
5143359083160203264,154.56376,37.240078,0.687925,GALAXY
5143142204491624448,154.56383,36.005571,0.1432477,GALAXY
7232931464999530496,154.56384,23.694692,0.540203,GALAXY
6611372589905014784,154.56398,20.670945,0.5098525,GALAXY
6008027952494342144,154.56399,11.053731,2.273474,QSO